date,trip,saving_pct,distance_time
2026-09-29,Georges Bank to Charleston,8.6,"765 NM · 2 D 17 H"
2026-09-29,Georges Bank to Charleston,8.9,"780 NM · 2 D 18 H"
2026-09-30,Georges Bank to Charleston,11,"783 NM · 2 D 19 H"
2026-10-01,Nova Scotia to Charleston,1.3,"984 NM · 3 D 15 H"
2026-10-02,Georges Bank to Charleston,12,"770 NM · 2 D 17 H"
2026-10-03,Georges Bank to Charleston,12,"764 NM · 2 D 14 H"
2026-10-04,Georges Bank to Charleston,12,"766 NM · 2 D 13 H"
2026-10-05,Georges Bank to Cape Hatteras,6.1,"501 NM · 42 H"
2026-10-06,Charleston to Bermuda,8.0,"706 NM · 2 D 13 H"
2026-10-07,Nova Scotia to Charleston,0.5,"976 NM · 3 D 13 H"
2026-10-08,Georges Bank to Cape Hatteras,5.4,"499 NM · 43 H"
